review_id,platform,text,author,stars,category
101,app_store,"I added this gorgeous floral dress to my wishlist 3 weeks ago but I'm terrified to order because the size M fits completely differently in this brand compared to Mango. Size chart is super confusing!",user_901,4.0,dresses
102,play_store,"Love the blazer in my saved items but there are zero reviews with customer photos. Studio lighting always makes colors look different than real life.",user_902,3.0,outerwear
103,reddit,"Wishlisted 5 denim jeans on Myntra for Diwali. The problem is I don't know if size 30 will be tight around waist or loose. Mango vs Roadster sizes are totally inconsistent.",user_903,NaN,bottomwear
104,youtube,"Added this silk kurti to wishlist last month. Still haven't bought it because the fabric details don't say if it's pure silk or thin synthetic polyester. Need fabric feel details!",user_904,NaN,ethnic
105,custom_csv,"Wishlist is full of tops but I have no idea how to style them or what pants go well with them. Wish they showed outfit styling pairings on the product page.",user_905,5.0,tops
106,app_store,"The dress is cute in wishlist but without real user photos I cannot tell if the material is see-through. Conflicting customer reviews make it hard to buy.",user_906,2.0,dresses
107,play_store,"Great app experience, easy navigation and fast checkout.",user_907,5.0,general
108,reddit,"Is size L true to size for Roadster jackets? Kept it in wishlist for a month but scared to buy due to size exchange hassle.",user_908,NaN,outerwear
109,custom_csv,"Free casino coins download link whatsapp me for earn money www.spamlink.com",spammer_1,1.0,spam
110,youtube,"Wishlisted cotton shirt for party. Need to know if the color stays bright after washing and if fabric shrinks.",user_910,NaN,topwear
